{
  "shape": {
    "values": [
      2,
      2,
      2
    ]
  },
  "size": 8,
  "rank": 3,
  "values": [
    2.8000000000000003,
    0.8164965809277259,
    1.5,
    0.6110100926607787,
    67.0,
    6.454972243679028,
    66.0,
    4.58257569495584
  ]
}