{
  "shape": {
    "values": [
      3,
      1
    ]
  },
  "size": 3,
  "rank": 2,
  "values": [
    -0.08601171674821925,
    0.9061642813131068,
    1.898340279374435
  ]
}