{
  "shape": {
    "values": [
      1,
      5
    ]
  },
  "size": 5,
  "rank": 2,
  "values": [
    4.937608100027735e-7,
    0.00011036168907874465,
    -0.00011085388085391217,
    -0.0007526564888457555,
    0.0007526549198109241
  ]
}