{
  "shape": {
    "values": [
      13,
      5
    ]
  },
  "size": 65,
  "rank": 2,
  "values": [
    -1.109639197010762,
    -0.5832308405880864,
    0.311190063498824,
    0.4549429371546365,
    0.926737036945381,
    0.30531529066978746,
    -0.1153353247055959,
    0.18721032966007845,
    -0.37530325645873164,
    -0.0018870391655281572,
    -0.3666671055952704,
    -0.5654319225761768,
    -0.15189528717978706,
    0.7423515764143819,
    0.3416427389368412,
    -1.7794005329386369,
    -0.3643676705567655,
    -0.08483742964167963,
    0.8789545496989948,
    1.3496510834381144,
    4.360699571062067,
    2.8408960149328184,
    0.3333288524983233,
    -2.302664437639595,
    -5.232260000853627,
    -30.72553073084996,
    -19.45899220032818,
    -2.311552957975098,
    14.646328212109786,
    37.84974767704362,
    2.3722916367608757,
    1.4382348064143722,
    -0.16799743743705298,
    -1.5677783448010392,
    -2.0747506609371618,
    4.345606266193766,
    3.4278047625454273,
    0.8383249928994577,
    -2.193003649600928,
    -6.418732372037732,
    1.6713904935306851,
    1.0264702080629953,
    0.1607417566591284,
    -0.8193592196745088,
    -2.039243238578299,
    1.2711394799205369,
    0.7771571949456983,
    0.17840523426943114,
    -0.641823237923299,
    -1.5848786712123775,
    1.654370370325563,
    0.6338074839926009,
    0.06688697461123791,
    -0.9036315951793303,
    -1.4514332337500757,
    0.2855787723455256,
    -0.0656858139536449,
    -0.09579119563081628,
    -0.6457577567697703,
    0.521655994008703,
    0.8327327775801908,
    3.508516829008682,
    4.680622600661218,
    2.4335848545765493,
    -11.455457061826621
  ]
}