{
  "shape": [
    3,
    1
  ],
  "size": 3,
  "rank": 2,
  "values": [
    -2.2684477596616617,
    0.673735352644393,
    3.6159184649504454
  ]
}