{
  "shape": {
    "values": [
      5,
      1
    ]
  },
  "size": 5,
  "rank": 2,
  "values": [
    38.04545824195546,
    67.41257701453404,
    94.87764658680474,
    62.67097459314129,
    30.31691964520564
  ]
}