{
  "shape": {
    "values": [
      12,
      1
    ]
  },
  "size": 12,
  "rank": 2,
  "values": [
    2.0441427790451874,
    0.41510333156924095,
    -2.263432267391046,
    9.100818629941207,
    -1.7092055329763203,
    -4.690467701301691,
    6.224103155095883,
    -2.6024700172912465,
    -3.3971232367456374,
    0.965284099073655,
    -2.731560072810525,
    -0.9575397927733159
  ]
}