{
  "shape": {
    "values": [
      3,
      1
    ]
  },
  "size": 3,
  "rank": 2,
  "values": [
    -1.7463202710966652,
    0.3088263993564157,
    -0.1361799029700036
  ]
}