{
  "shape": [
    3,
    1
  ],
  "size": 3,
  "rank": 2,
  "values": [
    -3.6184756144128465,
    0.568143228308421,
    -0.5607111724435555
  ]
}