{
  "shape": {
    "values": [
      3,
      1
    ]
  },
  "size": 3,
  "rank": 2,
  "values": [
    -0.4629956797732563,
    -0.03926231354843208,
    2.96947105267647
  ]
}