{
  "shape": [
    3,
    1
  ],
  "size": 3,
  "rank": 2,
  "values": [
    -3.4454531434507345,
    0.6306242228028752,
    -0.4507451474621328
  ]
}