{
    "shape": {
        "values": [
            10,
            3
        ]
    },
    "size": 30,
    "rank": 2,
    "values": [
        0.66666667,
        -0.33333333,
        -0.33333333,
        -0.33333333,
        0.66666667,
        -0.33333333,
        -0.33333333,
        -0.33333333,
        0.66666667,
        0.66666667,
        -0.33333333,
        -0.33333333,
        -0.33333333,
        0.66666667,
        -0.33333333,
        -0.33333333,
        -0.33333333,
        0.66666667,
        0.66666667,
        -0.33333333,
        -0.33333333,
        -0.33333333,
        0.66666667,
        -0.33333333,
        -0.33333333,
        -0.33333333,
        0.66666667,
        0.66666667,
        -0.33333333,
        -0.33333333
    ]
}