{
  "shape": {
    "values": [
      1,
      5
    ]
  },
  "size": 5,
  "rank": 2,
  "values": [
    1.0925587980843342e-6,
    0.00012047876758497992,
    -0.00012156533508916722,
    -0.0007466479089413082,
    0.0007466419176474076
  ]
}