{
  "shape": {
    "values": [
      13,
      5
    ]
  },
  "size": 65,
  "rank": 2,
  "values": [
    -1.0719342544540789,
    -0.5745831931968667,
    0.31917991689704633,
    0.43652624096655945,
    0.890811289787325,
    0.2635486259232748,
    -0.14299549294289113,
    0.18802218609505061,
    -0.34317536580410773,
    0.03460004672867535,
    -0.37460899034216716,
    -0.5333575300936705,
    -0.17171618401692024,
    0.7182755721162476,
    0.3614071323365012,
    -1.7942541217174102,
    -0.36408061517565954,
    -0.09741632455255526,
    0.8787559436159752,
    1.3769951178296636,
    3.610564470024936,
    2.4276973046362422,
    0.30428174250952955,
    -1.8848360868707668,
    -4.457707430299942,
    -25.7580312909622,
    -17.537206381766175,
    -2.4161582149556913,
    12.511859506880027,
    33.199536380804005,
    2.051789728841878,
    1.2747682610851714,
    -0.17130709914843567,
    -1.375422400615195,
    -1.7798284901634243,
    3.5752534851830156,
    2.9615747994092905,
    0.755109172852758,
    -1.8262800276254048,
    -5.465657429819671,
    1.42462422839651,
    0.8775231858590908,
    0.15979448335784702,
    -0.6976873472093237,
    -1.7642545504041294,
    1.0316271914071597,
    0.6417365039761023,
    0.17245332287661175,
    -0.5174580616018725,
    -1.3283589566580105,
    1.4235500532163639,
    0.5084486611799343,
    0.0704535037835143,
    -0.7682314054442685,
    -1.2342208127355463,
    0.27522698228843173,
    -0.07759059203743866,
    -0.10322746969800305,
    -0.5905103466084333,
    0.4961014260554423,
    1.2014274771101932,
    3.4417817331337566,
    4.236175078764062,
    1.95103081393013,
    -10.830415102938064
  ]
}